{
  "model_type": "CardiovascularRiskClassifier",
  "training_date": "2026-01-17T00:19:39.969650",
  "features": [
    "Heart Rate",
    "Systolic Blood Pressure",
    "Diastolic Blood Pressure",
    "Derived_HRV",
    "Derived_Pulse_Pressure",
    "Derived_MAP",
    "Age",
    "Derived_BMI",
    "Weight (kg)",
    "Height (m)"
  ],
  "num_features": 10,
  "dataset_size": 200020,
  "train_size": 140014,
  "val_size": 30003,
  "test_size": 30003,
  "best_epoch": 35,
  "total_epochs": 50,
  "test_metrics": {
    "accuracy": 0.9969669699696697,
    "precision": 0.995260962972324,
    "recall": 0.99898522229974,
    "f1_score": 0.9971196151046118,
    "roc_auc": 0.9999642607354967,
    "sensitivity": 0.99898522229974,
    "specificity": 0.9947316661983703
  },
  "confusion_matrix": [
    [
      14161,
      75
    ],
    [
      16,
      15751
    ]
  ],
  "model_size_kb": 47.75390625,
  "total_parameters": 12225
}