{
  "model_type": "RespiratoryRiskClassifier",
  "training_date": "2026-01-17T01:15:31.201360",
  "features": [
    "Oxygen Saturation",
    "Respiratory Rate",
    "Body Temperature",
    "Heart Rate",
    "Age",
    "Systolic Blood Pressure",
    "Diastolic Blood Pressure",
    "Derived_BMI",
    "Weight (kg)",
    "Derived_HRV"
  ],
  "test_metrics": {
    "accuracy": 0.9959337399593374,
    "precision": 0.992755905511811,
    "recall": 0.9995560347561362,
    "f1_score": 0.9961443650843815,
    "roc_auc": 0.9999769802069698,
    "sensitivity": 0.9995560347561362,
    "specificity": 0.9919218881708345
  },
  "confusion_matrix": [
    [
      14121,
      115
    ],
    [
      7,
      15760
    ]
  ],
  "model_size_kb": 13.87890625
}